Stock_Status,Total_Qty,Percentage
GREEN,35161981.00288,39.7
RED,37311750.65354,42.1
YELLOW,16106934.0,18.2
